Game,Artists
Advance Wars: Days of Ruin,Ryo Hirata (character designs)
Advance Wars: Dual Strike,Ryo Hirata (character designs)
Advance Wars 2: Black Hole Rising,"Ryo Hirata (character design), Kiyomi Itani (artwork)"
Aedis Eclipse: Generation of Chaos,???
Afro Samurai,"Duke Mighten, Josh Tiefer, Paul Sullivan, Juhan Lee, Khari Evans, Eun Hwan Kim, Daeyong Oh, Kyoon Lee"
Aion,"Lee Jeong Heon, Ryuhun Yong, Juno Jeong, Donfoo, Hyung jun Kim, Danny Shinwoong Kang, Kevin Chen, Young-sang Kim, Ji Bae Park, pencil 1203"
Akai Katana,Tachikawa Mushimaro
Akiba's Beat,UCMM
The Alchemist Code,Rinzo
Alice: Madness Returns,"Ken Wong, Hong Lei, Jin Lei, Sun Guoliang, Luis Melo, Tyler Lockett, Nako, Wang Shenghua, Yuan Shaofeng, Fellipe Martins, Wu Yuehan, Pu Jinsong, Ben Kerslake"
All Points Bulletin,"Arnold Tsang, Jon Stockwell, Andrew Hou, Jade Law, Martyn Driscoll, Tom Stockwell, Zoli Crayon, Jack Oakman"
Alone in the Dark,Pascal Casolari (environments)
Americana Dawn,Juri Hayasaka Chinchilla
Anarchy Reigns,Masaki Yamanaka
Animal Crossing: City Folk,???
Animal Crossing: New Leaf,???
Another Eden: The Cat Beyond Time and Space,"Takahito Exa, Shinwoo Chei, Chika Ueda, Yuka Sato"
Anthem,"Alex Figini, Patrik Karlsson, Ken Fairclough"
Apex Legends,"Jung Park, Cliff Childs, Danny Gardner, Kejun Wang, Liam MacDonald, Prog Wang, Tu Bui, Brad Allen, Autumn Rain Turkel, Hethe Srodawa"
A Plague Tale: Innocence,"Damien Papet, Olivier Ponsonnet"
Apollo Justice: Ace Attorney,"Tatsurou Iwamoto, Kazuya Nuri"
AquaNox 2: Revelation,Randis Albion
Arcana Heart 3,Eriko Kawada (Arcana designs)
Arc Rise Fantasia,"Ken'ichi Yoshida (character designs), Katsumi Aizaki"
Arc the Lad: End of Darkness,Ryuichi Kunisue (character designs)
Arc the Lad: Twilight of the Spirits,Ryuichi Kunisue (character designs)
Arena of Valor,Zezhou Chen
Ark Sphere,"Etama Quomo, Soo Min Jeong"
Armed Fantasia,"Tomomi Sasaki (character designer), As' Maria (ARM designer)"
Armored Core 4,???
Armored Core V,???
Ar nosurge: Ode to an Unborn Star,"ntny (characters), Takayama Toshiaki, John Hathway, Nagiryo, Demizu Posuka, Yoshiku, Yocky, Yoshi Mata"
Ar tonelico: Melody of Elemia,S.E.C / Nagi (character designs)
Ar tonelico II: Melody of Metafalica,S.E.C / Nagi (character designs)
Ar tonelico Qoga: Knell of Ar Ciel,S.E.C / Nagi (character designs)
ASH: Archaic Sealed Heat,Hideo Minaba (character designs)
Assassin's Creed,"Raphael Lacoste, David Levy, Patrick Desgreniers, Nicolas Bouvier, Thierry Doizon, Nicolas Ferrand, Sébastien Larroudé"
Assassin's Creed II,"Gilles Beloeil, Nicolas Collings, David Alvarez, Tamas Varga"
Assassin's Creed III,"Xavier Thomas, Alex Ross, Gilles Beloeil, William Wu, Nick Tan Chee Eng, Nicolas Collings, Sergey Kalinen, Russell Mills, Remko Troost, Khai Nguyen, Max Qin, Donglu Yu, Johan Grenier, Antoine Rol"
Assassin's Creed III: Liberation,"Eddie Bennun (environments), Nacho Yagüe (environments), Borislav Mitkov (characters), Konstantin Kostadinov"
Assassin's Creed IV: Black Flag,"Raphael Lacoste, Martin Deschambault, Eddie Bennun, Hugo Deschamps, Donglu Yu, Mathieu Granjon, Enira, Jan Urschel, Encho Enchev, Ivan Koritarev"
Assassin's Creed: Brotherhood,"Gilles Beloeil, DongLu Yu, Olivier Martin"
Assassin's Creed Odyssey,"Wavenwater Michael Guimont, Hugo Puzzuoli"
Assassin's Creed Origins,"Martin Deschambault, Eddie Bennun, Gilles Beloeil, Jeff Simpson, Encho Enchev"
Assassin's Creed: Revelations,"Martin Deschambault, Craig Mullins, Jeff Simpson, Antoine Rol, Gilles Beloeil, Max Qin"
Assassin's Creed Rogue,"Ivan Koritarev, Eddie Bennun"
Assassin's Creed Syndicate,"Fernando Acosta, Morgan Yon"
Assassin's Creed Unity,"Remko Troost, Gilles Beloeil"
Assassin's Creed Valhalla,"Martin Deschambault, Raphael Lacoste, Yelim Kim, Eddie Bennun, Pierre Raveneau, Even Amundsen, Donglu Yu, Gilles Beloeil, Remko Troost, Gabriel Tan, Jeff Simpson, Sabin Boykinov, Ignat Komitov, Philip V"
Astellia,Bong Gu Lee
Astral Chain,"Masakazu Katsura, Hajime Kimura"
Astria Ascending,"CyDesignation, Arthur Gagnon"
Asura's Wrath,???
Atelier Annie: Alchemists of Sera Island,Watanuki Nao
Atelier Ayesha: The Alchemist of Dusk,"Hidari (characters), Aquamary Images (backgrounds)"
Atelier Escha & Logy: Alchemists of the Dusk Sky,Hidari
Atelier Firis: Alchemist & the Mysterious Journey,"Yuugen, Takekono"
Atelier Iris: Eternal Mana,Jun Futaba (character designs)
Atelier Iris 2: The Azoth of Destiny,Jun Futaba (character designs)
Atelier Iris 3: Grand Phantasm,Jun Futaba (character designs)
Atelier Lulua: The Scion of Arland,Mel Kishida (character designs)
Atelier Lydie & Suelle: The Alchemists and the Mysterious Paintings,"Yuugen, NOCO"
Atelier Meruru: The Apprentice of Arland,Mel Kishida (character designs)
Atelier Rorona: The Alchemist of Arland,Mel Kishida (character designs)
Atelier Ryza: Ever Darkness & the Secret Hideout,Toridamono (character designs)
Atelier Ryza 2: Lost Legends & the Secret Fairy,Toridamono (character designs)
Atelier Ryza 3: Alchemist of the End & the Secret,Toridamono (character designs)
Atelier Shallie Plus: Alchemists of the Dusk Sea,Hidari
Atelier Sophie: Alchemist of the Mysterious Book,"Yuugen, Takenoko"
Atelier Totori: The Adventurer of Arland,Mel Kishida (character designs)
Atlantica Online,Oniou (Geun Ha Hwang)Sando (Byung-hyuck Kim)
Attack on Titan: Wings of Freedom,???
Avalon Code,Haccan (character designs)
Azur Lane,"Manjuu Art Group, Tony Taka, Yumesaki Kaede, ALLENES, Byulzzi, Saru"
Azure Striker Gunvolt,Yoshitaka Hatakeyama
Azure Striker Gunvolt 2,Yoshitaka Hatakeyama
Balan Wonderworld,Naoto Ohshima
Baldur's Gate III,"Konstantin Porubov, Jane Katsubo"
Baten Kaitos,Nakaba Higurashi (character designs)
Baten Kaitos Origins,Nakaba Higurashi (character designs)
Batman: Arkham Asylum,Carlos D'Anda (character designs & illustrations)
Batman: Arkham City,"Kan Mutfic, Carlos D'Anda, Dave Wilkins, Gabe Eltaeb"
Batman: Arkham Knight,???
Batman: Arkham Origins,"Virgile Loth, Meinert Hansen, Joel Dos Reis Viegas, Daniel Kvasznicza, Eric Gagnon, Nicolas Ferrand, Georgi Simeonov"
Bayonetta,"Mari Shimazaki, Yusuke Hashimoto, Ikumi Nakamura, Kenichiro Yoshimura, Muneyuki Kotegawa"
Bayonetta 2,"Mari Shimazaki, Yong-Hee Cho, Tsuyoshi Takahashi"
Bayonetta 3,Mari Shimazaki (main character design) Tsuyoshi Takahashi (Infernal Demons design) Muneyuki Kotegawa (weapon design)Yuki Suda (concept art)
Before Crisis: Final Fantasy VII,Tetsuya Nomura (character designs)
Beyond Good and Evil 2,"Pierre Bertin, Morgan Yon, Fred Augis, Omar Sabrou, Guillaume Arvieu, Gaël Chauvet"
Beyond: Two Souls,"François Baranger, Benoit Godde, Geoffroy Thoorens"
Binary Domain,"Daizo Kimura, Taku Makino, Sho Mutsuura"
Bionic Commando,"Daniel Conway, Jakob Tuchten"
BioShock,"Nate Wells, Mauricio Tejerina, Rob Waters, Scott Sinclair"
BioShock 2,"Colin Fix, Annie Fix"
BioShock Infinite,"Mike Swiderek, Jorge Lacera, Ben Lo, Tyler West"
Black Desert,???
Blade & Soul,"Hyung-tae Kim, Hee Chul An, Jin Woo Park, Seunghee Lee, Hyeong-Gun, Oh Ji Hoon"
Bladestorm: Nightmare,???
BlazBlue Alternative: Dark War,???
BlazBlue: Calamity Trigger,"Toshimichi Mori, Yuuki Katou"
BlazBlue: Central Fiction,"Toshimichi Mori, Yuuki Katou"
BlazBlue: Chrono Phantasma,"Toshimichi Mori, Yuuki Katou"
BlazBlue: Continuum Shift,"Toshimichi Mori, Yuuki Katou"
BlazBlue: Cross Tag Battle,Konomi Higuchi
Blazing Souls,Katsuyuki Hirano (character designs)
Bless Online,"Min Seub Jung, Hangyo Jung, Jaemin Kim, Ed Lee, Hwanggyu Kim, yasu, Hanho Lee"
Bloodborne,"Daisuke Satake, Hiroshi Nakamura, Masanori Waragai, Masahiro Miki, Masanao Katayama, Mai Hatsuyama, Yusuke Kato, Ryuji Baba, Kota Tonaki, Kento Koga, Tetsu Takahashi, Tsutomu Kitazawa, Wataru Kami, Yusuke Oda, Emi Kaneko"
Bloodstained: Ritual of the Night,"Yuji Natsume, Inti Creates, Mana Ikeda (illustration), Ayami Kojima (illustration), Yoshitaka Amano (illust)"
Bloody Roar II,Naochika Morishita (character designs)
Bloody Roar 3,"Naochika Morishita, Mitsuakira Tatsuta"
Bloody Roar Extreme,???
Blue Dragon: Awakened Shadow,"Akira Toriyama, Kaori Tosa"
Blue Reflection,Mel Kishida
Boktai: The Sun is in Your Hand,"Toru Kawakami, Ikuya Nakamura"
Borderlands,"Kale Menges, Lorin Wood, Won Choi, Philip Wohr, Wesley Burt"
Borderlands 2,"Lorin Wood, Scott Kester, Kevin Duc, Matias Tapia"
Borderlands 3,"Adam Ybarra, Sergi Brosa, Robert Chew, Kevin Duc, Max Davenport, Elijah McNeal, Amanda Christensen, Danny Gardner, Daniel Solovev, Jens Claessens"
Borderlands: The Pre-Sequel!,???
The Bou,Tetsuya Nomura (character designs)
Brave Fencer Musashi,Tetsuya Nomura (character designs)
Bravely Default,"Akihiko Yoshida, Atsushi Okubo, Yuka Miyamoto, Yoshihisa Ueda, Toronn, Hideo Minaba, Takorasu, Kenta Tanaka"
Bravely Second: End Layer,"Akihiko Yoshida, Naoki Ikushima"
Breath of Fire,Tatsuya Yoshikawa (character designs)
Breath of Fire II,Tatsuya Yoshikawa (character designs)
Breath of Fire III,Tatsuya Yoshikawa (character designs)
Breath of Fire IV,Tatsuya Yoshikawa (character designs)
Breath of Fire V,Tatsuya Yoshikawa (character designs)
Brigandine: The Legend of Runersia,"Kazama Raita, Jin Tamura, Yuta Koyano"
Brütal Legend,"Scott Campbell, Razmig Mavlian, Levi Ryken, Lee Petty"
Cadence of Hyrule,"Paul Veer, Lucas Carvalho, Ted Martens, Tyriq Plummer"
Capcom Fighting Evolution,Shinkiro (character designs)
Capcom vs. SNK: Millennium Fight 2000,"Kinu Nishimura, Shinkiro"
Capcom vs. SNK 2: Mark of the Millennium 2001,"Kinu Nishimura, Shinkiro"
Castlevania: Aria of Sorrow,Ayami Kojima (character designs & illustrations)
Castlevania: Curse of Darkness,Ayami Kojima (character designs & illustrations)
Castlevania Judgment,Takeshi Obata (character designs)
Castlevania: Lament of Innocence,Ayami Kojima (character designs & illustrations)
Castlevania: Lords of Shadow,"Juan Antonio Alcázar, Jose Luis Vaello, Diego Gisbert Llorens"
Castlevania: Lords of Shadow 2,"Jose Luis Vaello, Diego Gisbert Llorens, Jorge Benedito, Carlos NCT"
Castlevania: Lords of Shadow - Mirror of Fate,Jorge Benedito
Castlevania: Order of Ecclesia,Masaki Hirooka (character designs)
Castlevania: Symphony of the Night,Ayami Kojima (character designs & illustrations)
Castlevania: The Dracula X Chronicles,Ayami Kojima (character designs & illustrations)
Catherine,Shigenori Soejima
The Chainsaw Incident,???
Chaos Heroes Online,Kwon Yun Jeong (lovecacao)
Chaos Legion,Wataru Kanayama (character designs)
Chibi-Robo!: Park Patrol,???
Children of Mana,"Nao Ikeda, Ryoma Ito"
Chrono Cross,Nobuteru Yuuki (character designs)
Chronos Gear,Axion Logic
Chrono Trigger,Akira Toriyama (character designs)
Civilization VI,???
Code Name: S.T.E.A.M.,Takako Sakai (art director)
Code of Princess,Kinu Nishimura
Code Vein,"Kurumi Kobayashi (characters), Marika Cowan, Tyler Crook, Vanesa R. Del Rey, James Stokoe"
Conception II: Children of the Seven Stars,???
Conquer Online,???
Crash Bandicoot 4: It's About Time,"Nicholas Kole, Nicola Saviori, James Loy Martin, Florian Coudray, Oleg Yurkov, Didier Nguyen, Simon Kopp, Khoa Viet, Airborn Studios"
Crash Team Racing Nitro-Fueled,"Wavenwater Michael Guimont, David Fortin"
Crisis Core: Final Fantasy VII,"Tetsuya Nomura (characters), Yusuke Naora (CG art)"
Critter Crunch,"Nick ""Qiqo"" Stephan, Tri Vuong, Sylvain Coutouly"
Cross Edge,???
CrossFire,???
Cryamore,"Robert Porter, Alan Wansom, Judy Jong, John Crayton"
Culdcept Saga,"Shishizaru (character designs), Akiman"
Cuphead,"Chad Moldenhauer, Marija Moldenhauer, Hanna Abi-Hanna, Lance Miller, Joseph Coleman, Danielle Johnson, Tina Nawrocki, Caitlin Russell"
Cyberpunk 2077,"Ward Lindhout, Alexander Dudar, Michal Lisowski, Maciej Rebisz, Marthe Jonkers, Bogna Gawrońska, Marta Leydy, Sergey Glushakov, Filippo Ubertino, Marcin Tomalak, Alicja Uzarowska, Artur Tarnowski, Marek Madej, Marek Brzezinski, Lea Leonowicz"
Danganronpa: Trigger Happy Havoc,Rui Komatsuzaki
Dante's Inferno,"Lawrence Mai, Wayne Barlowe, Chris Ocampo, Jehan Choo, Samuel Michlap"
Dark Cloud 2,"Jun Sonobe (characters), Takeyoshi Okabe (logo)"
Darkness Rises,"Namgwon Lee, Jang Jae, Yeonjun Park, Jin Won, Dongho Kang, Team Couscous"
Darksiders,"Joe Madureira, Christian Lichtner"
Darksiders II,"Joe Madureira, Jonathan Kirtz"
Darksiders III,"Peter Richmond, Daryl Mandryk, Chris Anderson, Konstantin Vavilov"
Darksiders Genesis,"Joe Madureira, Baldi Konijn, Jesse Carpenter, Grace Liu, Billy Garretsen, Carlos Ruiz"
Dark Souls,"Michael Ting Yu Chang (monsters), Masanori Waragai"
Dark Souls II,???
Dark Souls III,"Daisuke Satake, Hiroshi Nakamura, Masanori Waragai, Mai Hatsuyama, Kota Tonaki, Ryuji Baba, Aki Inzan, Shin Ou, Kento Koga, Koichiro Harada, Nararak Rumm"
Darkstalkers: The Night Warriors,"Bengus / CRMK, Edayan, Daigo Ikeno"
Darkstalkers Resurrection,Stanley Lau
Dark Void,"Chris Madden, Jihoon Kim, Will Nichols, Mark Selander"
Dawn of Mana,Nao Ikeda (character designs)
Dead Island,???
Dead Island: Survivors,"Mickael Balloul, Martin Elsaesser"
Dead or Alive 3,"Yasushi Nakakura, Hidoyuki Kato, Muneaki Kubota, Yoshiki Horiuchi"
Dead or Alive 5,???
Dead or Alive 6,???
Dead or Alive: Dimensions,???
Deadpool,"Billy King, Jose Emroca Flores"
Dead Rising,"Naru Omori (CG artwork), Toshihiro Suzuko (models), Keiji Ueda (models)"
Dead Rising 2,"Todd Grenier, Gustavo Mendonca (environments), Fran Gaulin"
Dead Space,"Jason Courtney, Jens Holdener, Tavershima Shande, Nathan Bowden, Masashi Otake, Lawrence Mai, Ernesto Guaman, Chi Wai-Lao, Ben Wanat"
Dead Space 2,Joseph Cross
Dead Space 3,"Jehan Choo, Chi-wai Lao, Patrick O'Keefe, Jason Felix, Joseph Cross, Jens Holdener, David Hobbins"
Dead to Rights: Retribution,Martin Johnson
Death Stranding,"Yoji Shinkawa, Pablo Uchida"
Deep Black,"KaZZanTip, Leonid ""leopardsnow"" Enin"
Demon's Souls,"Michael Ting Yu Chang, Makoto Satoh"
Demon's Souls (2020),"Adam Rehmann, Dane Brennand, Masahiro Sawada, Juan Pablo Roldan, Dinulescu Alexandru, Daniel Jiménez Villalba, Pavel Goloviy"
Depth Fantasia,Shunya Yamashita
Destiny,"Kekai Kotaki, Dorje Bellbrook, Adrian Majkrzak, Jaime Jones, Ryan DeMita, Daniel Chavez, Darren Bacon, Jesse van Dijk, Joseph Cross"
Destiny 2,"Sung Choi, Adrian Majkrzak, Mark Van Haitsma, Dorje Bellbrook, Joseph Cross, Dima Goryainov"
Destiny 2: The Witch Queen,"Dima Goryainov, Jacob Gonzalez, Eric Pfeiffer, Gabriel Garza, Casper Konefal, Dipo Muh, Sung Choi, Tobias Kwan, Johnson Ting"
Detroit: Become Human,"Florent Auguy, Pierre Bertin, Romain Jouandeau, Benoit Godde, Sorane Mathieu, Crocq Clement, Mikael Leger, Wojtek Fus, Antoine Boutin"
Deus Ex: Human Revolution,"Richard Dumont, Thierry Doizon, Sébastien Larroudé, Eric Gagnon, Jim Murray, Brian Dugan, Donglu Yu, Trong-Kim Nguyen, François Cannel"
Deus Ex: Mankind Divided,Bruno Gauthier Leblanc
Devil May Cry,Makoto Tsuchibayashi
Devil May Cry 3: Dante's Awakening,"Daigo Ikeno (characters), Kazuma Kaneko (Devil art), Naru Omori (CG art), Jun Ikawa, Tatsuya Oshima, Hitoshi Igarashi, Takayuki Higashi, Satoshi Ukai (logo)"
Devil May Cry 4,"Tatsuya Yoshikawa, Yoshihiro Ono"
Devil May Cry 5,"Tatsuya Yoshikawa (character design), Daigo Ikeno, Bengus, Chisato Mita, Shinkiro/Toshiaki Mori"
Diablo II: Resurrected,"Danny Williams, Dave Keenan, Maxim Verehin, Eugene Lukashevich, Rodion Vlasov, Crystel Land, Naky Solanki, Carmen Cornet, Gray Rogers, Min Fu, Pixel Mafia, elite3d, Little Red Zombies"
Diablo III,"Peter Lee, Victor Lee, Trent Kaniuga, Anthony Rivero, Christian Lichtner, Glenn Rane, Phroilan Gardner, Bryan Huang, Wang Wei, Matt Ryan"
Diablo IV,"Victor Lee, Rob Sevilla, Cedric Peyravernay, Brom, Mike Franchina, Ryan Metcalf, Igor Sidorenko, Ted Beargeon, Josh Tallman, Richie Marella"
Diablo Immortal,Laurel D. Austin
Digimon Story Cyber Sleuth: Complete Edition,"Suzuhito Yasuda, Kenji Watanabe"
The DioField Chronicle,Taiki (character designs)Isamu Kamikokuryo (concept art)
Dirge of Cerberus: Final Fantasy VII,Tetsuya Nomura (character designs)
Disco Elysium,"Aleksander Rostov, Kaspar Tamsalu, Rauno Somelar, Markus Härma, Siim Raidma, Mehdi Annassi"
Disgaea: Hour of Darkness,Takehito Harada (character designs)
Disgaea 2: Cursed Memories,Takehito Harada (character designs)
Disgaea 3: Absence of Justice,Takehito Harada (character designs)
Disgaea 4: A Promise Unforgotten,Takehito Harada (character designs)
Disgaea D2: A Brighter Darkness,Takehito Harada
Dishonored,"Viktor Antonov, Cedric Peyravernay, Sergey Kolesov, Wesley Burt, Nicolas Collings"
Dishonored 2,"Cedric Peyravernay, Sergey Kolesov"
Dishonored: Death of the Outsider,"Piotr Jabłoński, Sergey Kolesov, Georgian Avasilcutei"
Disney Universe,???
Dissidia 012 Final Fantasy,Tetsuya Nomura (character designs)
Dissidia Final Fantasy,"Tetsuya Nomura (characters), Yoshitaka Amano"
Dissidia Final Fantasy NT,"Tetsuya Nomura (character), Yoshitaka Amano (logo)"
Dissidia Final Fantasy Opera Omnia,Tetsuya Nomura (original character designs)
Divinity II: Ego Draconis,Hugo Puzzuoli (character & monster designs)
Divinity: Original Sin II,Tania
DmC: Devil May Cry,"Alessandro Taini, Daniel Baker"
Dofus,Gueuzav (character designs)
Dofus 2.0,Gueuzav (character designs)
Doki Doki Majo Shinpan! 2,Fujinomiya Minoli (character designs)
Donkey Kong Country Returns,"Ryan Powell, Vince Joly, Chuck Crist, Luis Ramirez, Mike Witt, Sammy Hall, Danny Richardson, Mark Brady, Reed Ketcham"
Donkey Kong Country: Tropical Freeze,???
Doom (2016),Emerson Tung
Dota 2,???
Dragon Age II,"Benjamin Huen, Matt Rhodes, Nick Thornborrow, Casper Konefal, Ville Kinnunen, Steve Klit, Joy Ang, Ramil Sunga, Sung Kim"
Dragon Age: Inquisition,Matt Rhodes
Dragon Age: Origins,"Jason Chan (character posters), Sri Ram Chandra (creatures), Stanislav Klabik (renders)"
Dragon Ball FighterZ,Akira Toriyama (Android 21 concept)
Dragon Ball Z: Battle of Z,???
Dragoneer's Aria,"Juno Jeong, Taniel"
Dragon Quest V: Hand of the Heavenly Bride,Akira Toriyama (character designs)
Dragon Quest VI: Realms of Revelation,Akira Toriyama (character & monster designs)
Dragon Quest VIII: Journey of the Cursed King,Akira Toriyama (character & monster designs)
Dragon Quest IX: Sentinels of the Starry Skies,Akira Toriyama (character & monster designs)
Dragon Quest XI: Echoes of an Elusive Age,Akira Toriyama
Dragon's Crown,"George Kamitani, Haruka Kawamura, Yukiko Hirai"
Dragon's Dogma,???
Dragon's Dogma: Dark Arisen,"Marthe Jonkers, Craig Mullins"
Dragon's Dogma Online,???
Dragon's Dogma Quest,Daigo Ikeno
Drakengard,Kimihiko Fujisaka (character designs)
Drakengard 2,"Kimihiko Fujisaka (character designs), Taro Hasegawa (dragon designs)"
Drakengard 3,Kimihiko Fujisaka (character designs)
DuckTales Remastered,Chris Drysdale (concept)
Duke Nukem Forever,"Feng Zhu, Chris Smith, Trammell Issac, Mark Skelton, Layne Johnson, Randy Forsyth"
Dungeons & Dragons: Shadow over Mystara,Kinu Nishimura
Dynasty Warriors 4,???
Dynasty Warriors 5,"Hiroyuki Suwahara, Masami Kageyu"
Dynasty Warriors 7,Ayami Kojima (Lu Xun & Zhen Ji illustrations)
Dynasty Warriors 8,Ayami Kojima (Sima Shi & Zhuge Liang illustrations)
Dynasty Warriors 8: Empires,???
Dynasty Warriors 8: Xtreme Legends,???
Dynasty Warriors DS: Fighter's Battle,???
Dynasty Warriors: Gundam 2,???
Dynasty Warriors: Gundam 3,???
Edge of Eternity,"Julien Galibert, Safraz Namoos, Manon Bargier, Manon Sam, Yan Shu, Maeka"
Echoes of Mana,HACCAN
Elden Ring,"Wil Xan Phuah, Boon Chee, Wei Kang Lim, Chiang Eng Tan, Passion Republic, Two Dots Studio"
The Elder Scrolls Online,"Jeremy Fenske, Rayph, Thunder Brush"
The Elder Scrolls V: Skyrim,"Adam Adamowicz, Ray Lederer"
Elebits: The Adventures of Kai and Zero,Akihito Tsukushi (character illustrations)
El Shaddai: Ascension of the Metatron,Takeyasu Sawaki (character & environment designs)
Elsword,"Sylphi, Zuk"
Enslaved: Odyssey to the West,Alessandro Taini / Talexi
Epic Mickey,"Gary Glover, Fred Gambino, Aj Trahan, Matt Hall, Jason Kim, Shawn Melchor, Jordan Lamarre-wan, Billy George, Rolf Mohr"
Epic Mickey 2: The Power of Two,"Jordan Lamarre-wan, Shawn Melchor"
Epic Mickey: Power of Illusion,???
Eternal Poison,"Tomatika, Enomoto, Takeshi Iizuka, Yuki Hayabusa, Hidari, Hironori Takano, Shinichiro Otsuka"
Eternal Sonata,"Kumiko Yoshioka (character designs), Nozomi Shibahara (illustrations)"
Etrian Odyssey,"Yuji Himukai, Yuji Hyuga, Masao Nagashima"
Etrian Odyssey II: Heroes of Lagaard,Yuji Himukai (character designs)
Etrian Odyssey III: The Drowned City,Yuji Himukai (character designs)
Etrian Odyssey IV: Legends of the Titan,Yuji Himukai
EverQuest Next,"Gabor Szikszai, Wes. W."
The Evil Within,"Ikumi Nakamura, Daniel Rudnicki, Christian Bravery, Yoshifumi Hattori, Hiroyuki Shimai, Keita Sakai, Lu Cheng, Ward Lindhout"
Exos Heroes,Min Suk Son
Fable II,"Mike McCarthy, Ian Lovett, Matt Allsopp"
Fallout 3,"Adam Adamowicz, Craig Mullins, Istvan Pely"
Fallout 4,"Ilya Nazarov, Ray Lederer, Adam Adamowicz, John Gravato"
Fantasian,"Takatoshi Goto, Manabu Kusunoki, Tomoyuki Mizufune, Le Yamamura"
Far Cry 3,"Miguel Iglesias (co-op characters), Bianca Draghici, Louis Cypher, Bruno Gauthier Leblanc"
Far Cry 4,Aadi Salman
Far Cry 6,"Vitalii Smyk, Stephanie Lawrence, Ying Ding, Fernando Acosta"
Far Cry Primal,"Eve Berthelette, Christopher Dormoy, Mylaine Blain"
Fatal Frame,"Zin Hasegawa (characters), Hiromi Gyouta (models), Takenao Sakurai (models)"
Fate/Extella: The Umbral Star,Aruko Wada
Fate/unlimited codes,"Takashi Takeuchi, Kinoko Nasu"
Fell Seal: Arbiter's Mark,"Rio Sabda, Vlada Monakhova, Marcelo Batisti, Marcelo Gallegos, Lucia Xiang, Gabriel Zanini, John Silva, Karina Starikova, Wyn Lacabra"
Final Fantasy,"Yoshitaka Amano (work not featured in this gallery)Makikazu Ohmori, Hiroyuki Sasaki (NP illustrations)"
Final Fantasy I through VI,Yoshitaka Amano (character & monster designs)
Final Fantasy III (DS),Akihiko Yoshida (character designs)
Final Fantasy IV (DS),"Airi Yoshioka (illustration), Akira Oguro (illustration),Yoshitaka Amano (logo)"
Final Fantasy IV: The After Years,"Akira Oguro, Yoshitaka Amano"
Final Fantasy V,Yoshitaka Amano (character & monster designs)
Final Fantasy VI,"Yoshitaka Amano, Tetsuya Nomura"
Final Fantasy VII,"Tetsuya Nomura, Yoshitaka Amano, Takayuki Odachi, Yusuke Naora, Fumi Nakashima, Tetsuya Takahashi"
Final Fantasy VII: Advent Children,"Tetsuya Nomura (characters), Yusuke Naora (CG art)"
Final Fantasy VII G-Bike,Tetsuya Nomura
Final Fantasy VII Remake,"Tetsuya Nomura, Roberto Ferrari"
Final Fantasy VII Remake Intergrade,"Tetsuya Nomura, Roberto Ferrari"
Final Fantasy VIII,"Tetsuya Nomura, Yusuke Naora, Yoshitaka Amano, Fumi Minagawa"
Final Fantasy IX,"Yoshitaka Amano, Shukou Murase, Toshiyuki Itahana, Shin Nagasawa"
Final Fantasy X,"Tetsuya Nomura (characters), Yusuke Naora (world), Yoshitaka Amano (illustrations), Fumi Nakashima, Yuichi Shiota, Shunya Yamashita"
Final Fantasy X-2,"Tetsuya Nomura (characters), Yoshitaka Amano (illust), Tetsu Tsukamoto (costume designs)"
Final Fantasy XI,"Nobuyoshi Mihara, Tamae Kisanuki, Tetsuya Nomura, Yuzuki Ikeda, Fumio Minagawa, Yoshitaka Amano, Maeda Hiroyuki"
Final Fantasy XI: Seekers of Adoulin,"Kazushi Hagiwara, Kenichiro Tomiyasu, Yoshitaka Amano"
Final Fantasy XII,"Akihiko Yoshida, Isamu Kamikokuryo, Hideo Minaba, Ryoma Ito, Tonny Waiman Koo, Yoshihiro Hirota, Nao Ikeda, Takashi Honjo, Chikako Nakano, Yoshitaka Amano"
Final Fantasy XII: Revenant Wings,Ryoma Itoh (character designs)
Final Fantasy XIII,"Tetsuya Nomura (characters), Nao Ikeda (characters), Yusuke Naora (CG art), Chikako (summon designs), Isamu Kamikokuryo (world), Yoshitaka Amano (logo)"
Final Fantasy XIII-2,"Tetsuya Nomura, Yusuke Naora, Isamu Kamikokuryo, Hideo Minaba, Nao Ikeda, Toshitaka Matsuda, Yuko Oshima, Amawo Miyuki, Yoshitaka Amano (logo)"
Final Fantasy XIV,"Hiroshi Takai (lead artist), Akihiko Yoshida (concept), Kazuya Takahashi (illust), Keiichi Baba (models), Yoshitaka Amano (logo)"
Final Fantasy XIV: A Realm Reborn,"Akihiko Yoshida, Kazuya Takahashi, Tsubasa Masao, Hiroyuki Nagamine, Takeo Suzuki, K. Tanaka, Mihara, Eiichi Hama, Junko Watari, Yusuke Mogi, Yamate"
Final Fantasy XIV: Endwalker,"Yusuke Mogi, Akihiko Yoshida, Yoshitaka Amano, Kenta Tanaka, Hiroyuki Nagamine, Rokuma Saito, Kodai Okamoto, Masayoshi Inoue, Tetsu Tsukamoto"
Final Fantasy XIV: Heavensward,"Kazuya Takahashi, Tsubasa Masao, Akihiko Yoshida, Nagamine, Yamate, Macho, Ayumi Namae"
Final Fantasy XIV: Stormblood,"Kazuya Takahashi, Akihiko Yoshida, Yusuke Mogi, Yoshikazu Takenouchi, Nagamine, Nobuyoshi Mihara, Ayumi Namae, Kenta Tanaka"
Final Fantasy XIV: Shadowbringers,"Ayumi Namae, Yusuke Mogi, Kazuya Takahashi, Koda Kazuma, Yoshitaka Amano, Kenta Tanaka, Tetsuya Nomura, Rokuma Saito, K. Okamoto, Hiroyuki Nagamine"
Final Fantasy XV,"Tetsuya Nomura, Yoshitaka Amano, Roberto Ferrari, Kenji Niki, Isamu Kamikokuryo, Kaoru Kawaguchi, Tomohiro Hasegawa, Chihiro Hashi, Yusuke Naora, Takeshi Honjo, Yuki Matsuzawa, Mizushi Sugawara, Kouta Niihara, Yusaku Nakaaki, Ken Kimura"
Final Fantasy XVI,"Kazuya Takahashi, Yoshitaka Amano"
Final Fantasy: Brave Exvius,"Yoshitaka Amano (illustrations), Visual Works (CG art)"
Final Fantasy Crystal Chronicles,Toshiyuki Itahana
Final Fantasy Crystal Chronicles: Crystal Bearers,Toshiyuki Itahana (character designs)
Final Fantasy Dimensions II,"CyDesignation, Yoshitaka Amano, Ken Sugimori"
Final Fantasy Explorers,Toshiyuki Itahana (character designs)Yoshitaka Amano (logo design)
Final Fantasy Fables: Chocobo's Dungeon,Toshiyuki Itahana (character designs)
Final Fantasy Fables: Chocobo Tales,Toshiyuki Itahana (character designs)
Final Fantasy Tactics,"Akihiko Yoshida (character designs), Hideo Minaba"
Final Fantasy Tactics Advance,"Ryoma Itoh (character designs), Akihiko Yoshida (Judge art)"
Final Fantasy Tactics A2: Grimoire of the Rift,"Ryoma Ito (character designs), Akihiko Yoshida (Judge & Grimoire art)"
Final Fantasy: The 4 Heroes of Light,"Akihiko Yoshida, Yuka Miyamoto, Tsubasa Masao, Tomomi Fujino"
Final Fantasy Type-0,"Tetsuya Nomura, Yusuke Naora, Yoshitaka Amano"
Fire Emblem: Awakening,"Wada Sachiko, Haccan, Wada Aruko, Daisuke Izuka, Homare, Shirow Miwa, Kimihiko Fujisaka, Senri Kita, Masatsugu Saito, Rika Suzuki, Koutarou Yamada, Douji Shiki, Eiji Kaneda"
Fire Emblem Echoes: Shadows of Valentia,Hidari
Fire Emblem Engage,Mika Pikazo (character design)
Fire Emblem Heroes,"Yusuke Kozaki, Maeshima Shigeki, Sachiko Wada, Itagaki Hako, Haccan, Senri Kita, Yamada Akihiro, Yura, Pikomaro, Mayo, Daisuke Izuka, Suekane Kumiko, cuboon, Miwabe Sakura, Tobi, Amagaitaro, kaya8, Kippu, Arai Teruko, Okaya, Chiko"
Fire Emblem: Path of Radiance,Senri Kita (character designs)
Fire Emblem: Radiant Dawn,Senri Kita (character designs)
Fire Emblem: The Sacred Stones,Senri Kita (character designs)
Fire Emblem: Shadow Dragon,Masamune Shirow (character illustrations)
Fire Emblem: Three Houses,Chinatsu Kurahana
Fire Emblem Warriors,???
Fist of the North Star: Ken's Rage 2,???
Fist of the North Star: LEGENDS ReVIVE,Tetsuo Hara (Kenshiro & Raoh key visual)
Flyff: Fly for Fun,Hidenori Matsubara (character designs)
Folklore,"Chihiro Mutsukura, Tetsuya Wagatsuma, Kohei Toda, Hidetomo Komaki, Issei Kutsuzawa, Sosuke Miyaura, Hiroyuki Shimai"
Fortnite,"Drew Hill, Ben Shafer, Mark Behm"
Fortress,"Daniel Conway, Jakob Tuchten, Tony Holmsten, Martin Bergquist"
Fragile Dreams: Farewell Ruins of the Moon,"Ujinawa Katsuyuki, Keiko Harada"
Front Mission,Yoshitaka Amano (character designs)
Front Mission 2,"Jun Suemi, Hiroaki Kusano"
Front Mission 3,"Akihiro Yamada, Atsushi Domoto"
Front Mission 4,Yusuke Naora (character designs)
Front Mission 5: Scars of the War,"Yusuke Naora (characters), Syun Kise (wanzers), Hiroaki Kusano (wanzers), Hideyuki Matsumoto (wanzers)"
Furi,Takashi Okazaki
Fuse,"Colin Geller (concept art), Ricky Zhang, Elliot Mallon, Jacob Norris, Darren Quach, Ken Finlayson, Carlo Arellano, Tyler West"
Game of Thrones,???
Garou: Mark of the Wolves,Takkun (character designs)
Gears of War,"James Hawkins, John Wallin"
Genji: Dawn of the Samurai,"Kyoko Saitou (character designs), Taiki Umemura (environments)"
Genshin Impact,???
Ghost of Tsushima,"Ian Jun Wei Chiew, Romain Jouandeau, John Powell, Mitch Mohrhauser, Colin Valek, Naomi Baker"
Ghost Trick,Koki Kinoshita
God of War,"Vance Kovacs, Dela Longfish, Yefim Kligerman, José Daniel Cabrera Peña, Abe Taraky, Marek Okon, Stephen Oakley, Rafael Grassetti, Johan Grenier, Luke Berliner, Cliff Childs, Annis Naeem"
God of War II,"Andy Park, Charlie Wen, Erik San Juan, Cecil Kim"
God of War III,"Cecil Kim, Andy Park, Izzy Medrano, Andrew Kim, Jung Park, Scott Seeto"
God of War: Ascension,"Izzy Medrano, Luke Berliner, Jung Park, Josh Kao, Eric Ryan, Anthony Jones"
God of War Ragnarök,"Raf Grassetti, Dela Longfish, José Cabrera, Yefim Kligerman, Shan Qiao, Vance Kovacs, Bjorn Hurri, Luke Berliner, Norris Lin, Mark Castanon, Abe Taraky, Matteo Marjoram"
God Eater 2,Koichi Itakura
God Eater 3,Koichi Itakura
Gods Eater Burst,"Koichi Itakura, Sokabe Shuji"
Golden Sun,Shin Yamanouchi (character designs)
Golden Sun: Dark Dawn,"Shin Yamanouchi (characters), Hiroshi Kajiyama (monsters), Hiroshi Kajiyama (Djinn), Kanako Horiguchi (Djinn), Masanori Sato (illustration)"
Gotham Knights,"Jianli Wu, Krist Miha, Fred Rambaud, Andre-Lang Huynh, Milan Nikolic, Emmanuel Julian"
Granado Espada,"Limha Lekan / Maxx Soul, Tomomi Kobayashi, Nocul"
Granblue Fantasy,"Hideo Minaba, Yuya Nagai, Ryoji Ohara"
Granblue Fantasy: Relink,Hideo Minaba
Granblue Fantasy Versus,"Hideaki Sawada, Hideo Minaba, Yuya Nagai, Ryoji Ohara, Benitama, ell, N.A, CyDesignation"
Grandia III,"You Yoshinari, Mitsuru Hashimoto"
Grand Theft Auto IV,"Stephen Bliss, Anthony Mcbain"
Grand Theft Auto V,???
Grand Theft Auto: San Andreas,"Ian McQue, Toks Solarin, Alisdair Wood, Rick Stirling, Alan Davidson"
Gran Turismo 6,???
Gravity Rush,"Shunsuke Saito (characters), Yoshiaki Yamaguchi"
Gravity Rush 2,Shunsuke Saito
GrimGrimoire,"Shigatake, George 'Jouji' Kamitani"
Guardians of Middle-earth,"Daryl Mandryk, Mike ""Daarken"" Lim"
Guild Wars 2,"Daniel Dociu, Kekai Kotaki, Jamie Jones, Jason Juan, Levi Hopkins, Jason Stokes, Xia Taptara, Hyojin Ahn, Richard Anderson, Matthew Barret"
Guild Wars: Eye of the North,"Daniel Dociu, Horia Dociu, Kekai Kotaki, Jaime Jones, Doug Williams, Matthew Barrett, Richard Anderson, Jason Stokes, Xia Taptara, Kristen Perry"
Guild Wars Factions,"Daniel Dociu, Horia Dociu, Kekai Kotaki, Jason Stokes, Doug Williams, Richard Anderson, Katy Hargrove, Matthew Barrett, Aaron Coberly, Shawn Sharp"
Guild Wars Nightfall,"Daniel Dociu, Horia Dociu, Kekai Kotaki, Jaime Jones, Doug Williams, Katy Hargrove, Xia Taptarakunekane, Aaron Coberly, Matthew Barrett, Richard Anderson"
Guild Wars Prophecies,"Daniel Dociu, Horia Dociu, Kekaipo'inalu Kotaki, Doug Williams, Aaron Coberly, Matthew Barrett, Richard Anderson"
Guilty Gear 2: Overture,Daisuke Ishiwatari
Guilty Gear Isuka,Daisuke Ishiwatari (character designs)
Guilty Gear -Strive-,"Daisuke Ishiwatari, Hidehiko Sakamura"
Guilty Gear Vastedge XT,???
Guilty Gear X2,"Daisuke Ishiwatari, Emiko Iwasaki"
Guilty Gear X2 #Reload,Emiko Iwasaki
Guilty Gear Xrd -Sign-,"Daisuke Ishiwatari, Hidehiko Sakamura"
Guilty Gear XX Accent Core,???
Guilty Gear XX Accent Core Plus,???
GunZ 2: The Second Duel,In-Su Park
Gwent: The Witcher Card Game,"Anna Podedworna, Bryan Sola, Lorenzo Mastroianni, Manuel Castañón, Grafit Studio"
.hack//G.U. vol. 1//Rebirth,"Yoshiyuki Sadamoto (character designs), Inumaru, Seiichiro Hosokawa"
.hack//G.U. vol. 2//Reminisce,Yoshiyuki Sadamoto (character designs)
.hack//G.U. vol. 3//Redemption,Yoshiyuki Sadamoto (character designs)
Halo 2,"Shi Kai Wang, Eddie Smith, Robt McLees, Lorraine McLees, Craig Mullins"
Halo 3,"Shi Kai Wang, Arnold Ayala, Eric Arroyo, Travis Brady, Raj Nattam, Tom Doyle"
Halo 3: ODST,Dorje Bellbrook
Halo 4,"Nicolas ""Sparth"" Bouvier, Jonathan Bach, Josh Kao, Kenneth Scott, Paul Richards, Kory Lynn Hubbell, Gabriel Garza, John Liberto"
Halo Infinite,"Nicolas ""Sparth"" Bouvier, Josh Kao, Daniel Chavez, Darren Bacon, Martin Deschambault, David Heidhoff, Theo Stylianides, Sergey Snegirev, Molly McLaughlin, Kory Lynn Hubbell, Ruan Jia, Roman Semenenko"
Halo: Reach,???
Harvestella,???
Harvest Moon: The Tale of Two Towns,Igusa Matsuyama
Haven,"Simon ""Hutt"" Troussellier, Koyorin, Florian Coudray, Benoit ""Beloup"" Leloup"
Hearthstone: Heroes of Warcraft,"Glenn Rane, Laurel Austin, Alex Horley Orlandelli, Samwise Didier, Steve Hui, Jason Chan, Greg Staples, Monica Langlois, John Polidora, Dave Berggren, Brian Despain, Mark Gibbons"
Heavenly Sword,Alessandro Taini (characters & environments)
Heavy Rain,"François Baranger, Benoit Godde"
Heroes of Mana,"Ryoma Ito, Sawako Kobayashi, Takehiko Yamamoto, Akira Oguro"
Heroes of the Storm,"Luke Mancini, Phill Gonzales, Danny Saint-Hilaire, Wanmin Gee, Ted Park, Vadim, David Harrington, Jarred Everson, Samwise Didier, Andrew Kinabrew"
HEX: Shards of Fate,"Filip Acovic, Velvet Engine, Zoltan Boros, Jakub Kasper, Michael Komarck"
Hitman: Absolution,"Tom Isaksen (3D characters), Rasmus Berggreen, Jonas Springborg, Jan Ditlev Christensen"
Horizon Forbidden West,"Ilya Golitsyn, Oscar Römer, Choro Choi, Luc de Haan, Constantin Marin, Floris Didden, Christoph Stryczek, Kevin Goeke, Marta Grajper, Ewoud Luppens, Josef Stängl, MOOD Visuals, Karakter Design Studio"
Horizon Zero Dawn,"Miguel Angel Martinez, Luc de Haan, Ilya Golitsyn, Jorry Rosman, Erik van Helvoirt, Joseph Noël, Viktor Jonsson, Suzanne Helmigh, Viktor Fetsch, Lloyd Allan, Floris Didden, Mike Azevedo"
Hunted: The Demon's Forge,"Tyler James, Kurt Papstein, Rob Nesler, Ryan Benno"
Hyperdimension Neptunia,Tsunako (character designs)
Hyrule Warriors,???
Hyrule Warriors: Age of Calamity,???
I am Setsuna,Toi8
Immortals Fenyx Rising,"Jing Cherng Wong, Gabriel Blain, Fernanders Koak, Asim Steckel, Hugo Puzzuoli, Kira Wigg, JC Wong"
Immortal Soul: Black Survival,Yoon Jung Choi
inFamous,"Edward Pun (cut scene art), Art Babyan (settings art), Mike Haney (cut scene art), Wesley Burt"
inFamous 2,"James Paick, Art Babayan"
inFamous: Second Son,"Levi Hopkins, Horia Dociu, Neal Hanson, Susan Luo"
Infinite Crisis,"Phroilan Gardner, Devon Cady-Lee, Natalie Russo, Marat Ars, Aamir Karim"
Infinite Undiscovery,Yukihiro Kajimoto (character designs)
Injustice: Gods Among Us,"Marco Nelor, Justin Murray, Solomon Gaitan, Hunter Schulz, Atomhawk Design"
Iron Harvest,Jakub Rozalski
Jak & Daxter: The Precursor Legacy,Bob Rafei
Jak II,Bob Rafei
Jak 3,Bob Rafei
JoJo's Bizarre Adventure: All Star Battle,Hirohiko Araki (original designs)
Jotun,"Alex Boyer, J.A.G., Annejulie Painchaud, M. Boisclair, Darnell Lysius-Dicette, M.C. Lévesque"
Journey,Matthew Nava
Kena: Bridge of Spirits,"Chris Karbach, Kun Vic, Tyler Edlin, Florian Coudray, Kalen Chock, Neil Richards"
Kid Icarus: Uprising,???
Killer is Dead,Tony Holmsten (concept art)
Killzone 2,"Xavier Marquis, Matt Allsopp, Miguel Martinez"
Killzone: Shadow Fall,"Efgeni Bischoff, Christopher Brandstrom, Arno Schmitz, Madina Chionidi"
Kingdom Hearts,Tetsuya Nomura
Kingdom Hearts II,Tetsuya Nomura (character designs)
Kingdom Hearts 3,Tetsuya Nomura (character designs)
Kingdom Hearts 358/2 Days,Tetsuya Nomura (character designs)
Kingdom Hearts 3D: Dream Drop Distance,Tetsuya Nomura (character designs)
Kingdom Hearts: Birth by Sleep,Tetsuya Nomura
Kingdom Hearts Re:coded,Tetsuya Nomura (main visual)
Kingdom Hearts Union χ [Cross],Tetsuya Nomura
Kingdoms of Amalur: Reckoning,"Sean Andrew Murray, Taylor Fischer, Shaun Martin, Martin Kau, Jeremy Enecio, Kat Berkeley, Jay Gillen, Eric Deschamps, Jonathan Kirtz, Mike ""Daarken"" Lim"
The King of Fighters '98: Ultimate Match,"Eisuke Ogura, Hiroaki (cover illustration)"
The King of Fighters '99,"Shinkiro (characters), Hiroaki (promotional art)"
The King of Fighters 2000,"Shinkiro (characters), Hiroaki (promotional arts)"
The King of Fighters 2001,Nona (character designs)
The King of Fighters 2002,Nona (character designs)
The King of Fighters 2003,Falcoon (character designs)
The King of Fighters: Maximum Impact,Falcoon (initial character designs)
The King of Fighters: Maximum Impact 2,Falcoon (initial character designs)
The King of Fighters NeoWave,Nakano Tomokazu (character designs)
The King of Fighters XI,Hiroaki (character designs)
The King of Fighters XII,"Eisuke Ogura (character designs), Nona"
The King of Fighters XIII,"Eisuke Ogura (character designs), Nona"
The King of Fighters XIV,"Eisuke Ogura, Hiroaki, Ogura, Falcoon, Tonko, Daisuke Nakazawa, S.N.X, Yumi Saji"
The King of Fighters XV,"Tomohiro Nakata (character designs & illustrations), Eisuke Ogura"
The King of Fighters (Series),"Shinkiro, Hiroaki, Eiji Shiroi"
Kirby's Return to Dream Land,???
Kirby: Triple Deluxe,???
Knights of Glory,Akihiko Yoshida
Labyrinth of Galleria: The Moon Society,Takehito Harada
La Pucelle: Tactics,"Yoshiharu Nomura, Ryoji Majima"
The Last Blade 2,Tonko (Aki Senno)
The Last Guardian,Fumito Ueda
The Last of Us,"James Paick, Eytan Zana, Marek Okon, Hyoung Nam, Aaron Limonick, John Sweeney, Shaddy Safadi, Alexandria Neonakis, Nick Gindraux, Maciej Kuciara"
The Last of Us Part II,"John Sweeney, Alex Neonakis, Hyoung Taek Nam, Ashley Swidowsky, Richard Lyons, Saskia Gutekunst, Robby Johnson, Aaron Limonick, Balazs Agoston, Eytan Zana, Sebastian Gromann, Matteo Marjoram"
Last Ranker,Tatsuya Yoshikawa (character designs)
Last Rebellion,"Juno Jeong, KKUEM, Hyung-tae Kim, Eiji Kaneda, Haruhiko Mikimoto, Jun Sumie, Tomomi Kobayashi"
The Last Remnant,"Yusuke Naora, Kimihiko Miyamae, Roberto Ferrari"
The Last Story,Kimihiko Fujisaka
League of Legends,"Katie De Sousa, Michelle Hoefener, David Rapoza, Michal Ivan, Joshua Smith, Eoin Colgan, Paul Kwon, Eduardo Gonzalez, Jason Chan, SixMoreVodka"
Left Alive,"Yoji Shinkawa, Takayuki Yanase, Yuya Ishihata"
The Legendary Starfy,Koutarou Shinoki
The Legend of Dragoon,"Tatsuya Nakamura, Kenichi Iwata, Hirohiko Iyoku"
The Legend of Heroes: Kuro no Kiseki,???
The Legend of Heroes: Trails of Cold Steel,Nakae
The Legend of Heroes: Trails of Cold Steel II,Nakae
The Legend of Heroes: Trails of Cold Steel III,Nakae
Legend of Legaia,"Kazuhiro Miyawaki, Natsumi Arisawa, Takeshi Ohtani, Taketoyo Ogawa"
Legend of Mana,"Shinichi Kameoka (character designs), Koji Tsuda"
The Legend of Zelda: A Link Between Worlds,Yusuke Nakano
The Legend of Zelda: Breath of the Wild,"Takumi Wada, Yusuke Nakano, Hirohito Shinoda, Yuko Miyakawa, Yoshiyuki Oyama, Yasutomo Nishire"
The Legend of Zelda: Link's Awakening (2019),???
The Legend of Zelda: Majora's Mask,"Yoshiyuki Oyama, Satomi Maekawa, Satoru Takizawa, Yoshiki Haruhana, Daisuke Kageyama"
The Legend of Zelda: Majora's Mask 3D,"Yoshiyuki Oyama, Satomi Maekawa, Satoru Takizawa, Yoshiki Haruhana, Daisuke Kageyama"
The Legend of Zelda: Ocarina of Time,"Yusuke Nakano, Satomi Maekawa, Yoshiki Haruhana, Satoru Takizawa"
The Legend of Zelda: Ocarina of Time 3D,"Yusuke Nakano, Minoru Maeda, Wataru Yamaguchi, Yoshiki Haruhana, Yoshiaki Koizumi, Satomi Maekawa, Jin Ikeda, Satoru Takizawa"
The Legend of Zelda: Phantom Hourglass,"Yusuke Nakano (illust), Daiki Nishioka, Yuka Kotaki, Takashi Ito (logo), Sachiko Nakamichi (logo)"
The Legend of Zelda: Skyward Sword,"Takumi Wada, Yusuke Nakano"
The Legend of Zelda: Spirit Tracks,Yusuke Nakano (character designs)
The Legend of Zelda: Tears of the Kingdom,???
The Legend of Zelda: The Minish Cap,Haruki Suetsugu
The Legend of Zelda: The Wind Waker,"Yoshiyuki Oyama, Yoshiki Haruhana, Satoru Takizawa, Masanao Arimoto, Daisuke Kageyama"
The Legend of Zelda: The Wind Waker HD,"Daisuke Kageyama, Yoshiyuki Oyama, Yo Ohnishi, Ryuji Kobayashi, Keisuke Nishimori, Koji Takahashi, Yoshiki Haruhana, Satoru Takizawa, Masanao Arimoto"
The Legend of Zelda: Tri Force Heroes,???
The Legend of Zelda: Twilight Princess,"Yusuke Nakano, Satomi Asakawa, Yoshiyuki Oyama, Michiko Iwasawa"
Legends of Runeterra,"Monica Pałosz, Gerald Parel, Marko Djurdjevic, Claudiu-Antoniu Magherusan, Michal Ivan, Hugo Lam, Högni J. Mohr, Alessandro Poli, Valentin Gloaguen, Maki Planas Mata, William Gist, Dao Trong Le, Chris Campbell, SixMoreVodka, Kudos Productions"
Lego City Undercover,???
Life Is Strange,"Michel Koch, Edouard Caplain, Lukas Esch, Fred Augis"
Lightning Returns: Final Fantasy XIII,"Isamu Kamikokuryo, Tetsuya Nomura, Toshitaka Matsuda"
Lime Odyssey: The Chronicles of Orta,Haccan (character designs)
Lineage II,"Juno Jeong, Fufuhol / Lee Myung-un"
LittleBigPlanet,???
Little King's Story,"Hideo Minaba, Kazuyuki Kurashima"
Live A Live (Remake),Naoki Ikushima
The Lord of the Rings: War in the North,"Ilya Nazarov, Steve Firchow, Philip Straub"
The Lost Child,Sawaki Takeyasu
Lost Epic,Namie
Lost Odyssey,Takehiko Inoue (character designs)
Lost Order,CyDesignation
Lost Planet: Extreme Condition,???
Lost Planet 2,???
Luigi's Mansion: Dark Moon,???
Luminous Arc,Shibano Kaito (character designs)
Luminous Arc 2,Shibano Kaito (character designs)
Mabinogi II: Arena,Han AhReum
Madworld,Masaki Yamanaka (characters & settings)
Magical Starsign,"Shinichi Kameoka, Shinobu Nagata"
Magna Carta II,Hyung-tae Kim (character designs)
Magna Carta: The Phantom of Avalanche,Hyung-Tae Kim (character designs)
Magna Carta: Tears of Blood,"Hyung-Tae Kim (character designs), Eun-Kyung Lee (CG art), Kyung-Jin Lee (monsters)"
Makai Kingdom: Chronicles of the Sacred Tome,"Takehito Harada (characters), Shunya Yamashita, Hitoshi Yoneda, Ken Sugawara, Masashi Ueda, Satoshi Ito, Tomomi Ozaki, Yasuhiro Nakura"
Mana Khemia: Alchemists of Al-Revis,Yoshizumi Kazuyuki (character designs)
Mana Khemia 2: Fall of Alchemy,Yoshizumi Kazuyuki (character designs)
Mario & Luigi: Dream Team,???
Mario & Luigi: Partners in Time,Masanori Sato
Mario & Luigi: Superstar Saga,Masanori Sato
Mario & Sonic at the London 2012 Olympic Games,???
Mario & Sonic at the Olympic Games,???
Mario & Sonic at the Olympic Games Tokyo 2020,???
Mario & Sonic at the Olympic Winter Games,???
Mario Hoops 3 on 3,"Masanori Sato, Yusuke Nakano, Gen Kobayashi, Nanako Kinoshita, Toki Iida, Yosuke Hamada"
Mario Kart 7,???
Mario Kart 8,???
Mario Party 9,???
Mario Strikers: Battle League,???
Mario Strikers Charged,"Masanori Sato, Yusuke Nakano, Ryusuke Yoshida, Shigehisa Nakaue"
Mario Tennis Aces,???
Marvel vs. Capcom 2: New Age of Heroes,CRMK
Marvel vs. Capcom 2 (2009),"Joe Vriens, John Diamonon"
Marvel vs. Capcom 3: Fate of Two Worlds,"Shinkiro (posters), Kinu Nishimura (promotional art), Adi Granov (box artwork)"
Marvel vs. Capcom: Infinite,Shinkiro (poster art)
Mary Skelter: Nightmares,???
Mass Effect,Matt Rhodes
Mass Effect 2,"Matt Rhodes, Brian Sum, Ben Huen, Mikko Kinnunen, Jaemus Wurzbach, Leroy Chen, Ken Finlayson, Rion Swanson"
Mass Effect 3,"Brian Sum, Benjamin Huen, Rion Swanson, Mike Lim, Herbert Lowis, Rodrigue Pralier, Matt Rhodes"
Mass Effect: Andromeda,"Brian Sum, Ben Lo, Kenneth Fairclough, Ramil Sunga, Herbert Lowis"
Mega Man 9,Keiji Inafune
Mega Man 10,"Keiji Inafune (characters), iam8bit (promo poster)"
Mega Man 11,Yuji Ishihara
Mega Man Battle Network 5,"Shinsuke Komaki, Keisuke Mizuno, Yuji Ishihara, Hayato Kaji, Tokiko Nakashima, Tsutomu Namegaya, Hidenori Aoki, Sota Iwasaki"
Mega Man Battle Network 6,"Shinsuke Komaki, Keisuke Mizuno, Yuji Ishihara, Hayato Kaji, Tokiko Nakashima, Toya Hamanaga, Sohei Nakamura, Keisuke Takahashi"
Mega Man Legends,"Hideki Ishikawa, Haruki Suetsugu, Noriko Katou, Yuji Ishihara"
Mega Man Legends 2,Hideki Ishikawa
Mega Man Legends 3,"Hideki Ishikawa, Tatsuya Yoshikawa, Shinsuke Komaki, Sensei, Toru Nakayama, Riuji Higurashi, Kazushi Itou, Hayato Kaji, Keiji Inafune"
Mega Man Online,Kang Dong Hwa (environments)
Mega Man Powered Up,"Tatsuya Yoshikawa, Keiji Inafune"
Mega Man (series),"Keiji Inafune, Uji, Hideki"
Mega Man Star Force,"Shinsuke Komaki, Keisuke Mizuno, Manami Yoshino, Yuji Ishihara, Tokiko Nakashima"
Mega Man X DiVE,Keisuke Mizuno (character design)
Mega Man Zero,Toru Nakayama
Mega Man Zero 2,Toru Nakayama
Mega Man Zero 3,Toru Nakayama
Mega Man Zero 4,"Toru Nakayama, Hirokatsu Maeda"
Mega Man ZX Advent,Makoto Yabe
Metal Gear Ac!d,Masao Tsubasa
Metal Gear Ac!d 2,"Masao Tsubasa, Yoji Shinkawa"
Metal Gear Online,A.J. Trahan
Metal Gear Rising: Revengeance,"Yoji Shinkawa, Yanase Takayuki, Chihoko Uchiyama, Yonghee Cho, Kenichirou Yoshimura"
Metal Gear Solid,Yoji Shinkawa
Metal Gear Solid 2: Sons of Liberty,Yoji Shinkawa
Metal Gear Solid 3: Snake Eater,Yoji Shinkawa
Metal Gear Solid 4: Guns of the Patriots,"Yoji Shinkawa, Takayuki Yanase, Chihoko Uchiyama, Takahiro Omori, Juntaro Saito, Nobuyoshi Nishimura"
Metal Gear Solid V,"Yoji Shinkawa, Ikuya Nakamura"
Metal Gear Solid: Peace Walker,Yoji Shinkawa (character designs)
Metal Max Xeno,"Non Oda (characters), Atsuji Yamamoto (monsters)"
Metro 2033,Andrey Tkachenko
Metro: Last Light,Vlad Tkach
Metroid: Other M,???
Metroid Prime,"Todd Keller, Andrew Jones, Ryan Powell, Don Hogan, Danny Richardson, Chuck Crist, Luis Ramirez, Alejandro Roura"
Metroid Prime 3: Corruption,"Todd Keller, Andrew Jones, Ryan Powell, Chuck Crist, Danny Richardson, Luis Ramirez, Elben Schafers, Elizabeth Foster"
Metroid Prime Hunters,???
Middle-earth: Shadow of Mordor,Daryl Mandryk
Mighty No. 9,"Shinsuke Komaki, Yuji Natsume"
Million Lore,"Hee Chul An, Donfoo, Studio NCG"
MIND≒0,Kyo
Mirror's Edge,"Mattias Häggström, Johannes Söderqvist, Pierre Hannah"
Mobile Legends: Bang Bang,"Alden Liu, Lynsley Brito, SJbrush"
Mobius Final Fantasy,"Toshiyuki Itahana, Toshitaka Matsuda, Shintaro Takai, Bayard Wu, Yu Cheng Hong, Jeremy Chong, Suranaki, Nurikabe Garou, Livia Prima, Lasahido, Laura Sava, VictorBang, Wisnu Tan, LQH, Billy Christian, Rakuen"
Modern Combat 5: Blackout,"George Munteanu, Alex Ichim, Adrian Mihai Marchidan"
Monark,so-bin
Monster Hunter 3 (tri-),???
Monster Hunter 4,???
Monster Hunter Frontier,???
Monster Hunter Rise,???
Monster Hunter Rise: Sunbreak,???
Monster Hunter Stories 2: Wings of Ruin,Takahiro Kawano
Monster Hunter: World,???
Mortal Kombat (2011),"Jean-Francois Ferland, Atomhawk Design Ltd."
Mortal Kombat: Deadly Alliance,"Steve Beran, Luis Mangubat, Herman Sanchez, Alan Ditzig, Karl Patton"
Mortal Kombat: Deception,"Steve Beran, Luis Mangubat, Herman Sanchez, Jennifer Hedrick"
Mortal Kombat vs. DC Universe,"Steve Beran, Vincent Proce, Bruno Werneck, Mike Tassie, Stephan Martiniere"
Mortal Kombat X,"Marco Nelor, Justin Murray, Bernard Beneteau, Solomon Gaitan, Atomhawk Design"
Mortal Kombat 11,"Atomhawk Design, Alexei Konev, Lemon Sky Studios"
Mortal Online,Hannu Kokkonen
Mortal Shell,"Artem Demura, Natalya Glushenkova, Eugenia Lysa, Vitaly Bulgarov, Dmitry Parkin"
MotorStorm Apocalypse,Steve Hird
Muramasa: The Demon Blade,"Shigatake, Noma, George Kamitani"
Murasaki Baby,???
Musashi: Samurai Legend,"Tetsuya Nomura, Gen Kobayashi"
Namco × Capcom,Takuji Kawano
Naruto: Rise of a Ninja,Joel Dos Reis Viegas / Feerik
Naruto Shippuden: Clash of Ninja Revolution III,???
Naruto: Ultimate Ninja Storm,???
NeoGeo Battle Coliseum,Eisuke Ogura
Neo: The World Ends with You,"Tetsuya Nomura, Gen Kobayashi, Miki Yamashita"
Neverwinter Nights,"Marc Holmes, Sung Kim, Sam Wood, Todd Lockwood"
New Super Mario Bros.,???
New Super Mario Bros. 2,???
New Super Mario Bros. U,???
NieR: Automata,"Akihiko Yoshida, Yuya Nagai, Toshiyuki Itahana, Hisayoshi Kijima, Koda Kazuma"
NieR Reincarnation,"Akihiko Yoshida, Koda Kazuma"
NieR Replicant ver.1.22474487139...,"Akihiko Yoshida, Toshiyuki Itahana, Koda Kazuma"
Nights of Azure,Sakai Yoshikuni
Nights of Azure 2: Bride of the New Moon,Sakai Yoshikuni
Ninety-Nine Nights,???
Ninja Blade,Michael Ting Yu Chang (promotional posters)
Ninja Gaiden 3,???
Ninja Gaiden 3: Razor's Edge,???
Ninja Gaiden Sigma 2,"Hirohisa Kaneko, Mariko Hirokane, Ken Furuya, Nozomu Sugiyamam"
Ni no Kuni: Wrath of the White Witch,???
Ni no Kuni II: Revenant Kingdom,"Yoshiyuki Momose, Nobuyuki Yanai, Hiroyuki Maeda, Hiroshi Matsuyama"
Nioh 2,???
Nobunaga's Ambition: Sphere of Influence,???
No More Heroes,"Yusuke Kozaki / KYMG, Shigeto Koyama, Okama"
No More Heroes 2: Desperate Struggle,"Yusuke Kozaki / KYMG, Ren Yamazaki"
No More Heroes III,"Yusuke Kozaki / KYMG, Masanori Ushiki, Inio Asano, Takashi Miyamoto, Darick Robertson, Scott Kester, Mari Shimazaki, Kenichiro Mizuno"
Nosgoth,???
Octopath Traveler,"Naoki Ikushima, Mika Iizuka"
Octopath Traveler II,Naoki Ikushima
Octopath Traveler: Champions of the Continent,Naoki Ikushima
Oddworld: Munch's Oddysee,"Farzad Varahramyan, Raymond Swanland, Silvio Aebischer"
Odin Sphere,"Shigatake (characters), George Kamitani (concepts)"
Of Orcs And Men,"Cambrush, Alexandre Chaudret"
Ogre Battle 64: Person of Lordly Caliber,Toshiaki Kato
Okami,"Kenichiro Yoshimura, Sawaki Takeyasu, Mari Shimazaki"
Okamiden,M. Endo
One Piece: Pirate Warriors,???
One Piece: Pirate Warriors 2,???
One Piece: Pirate Warriors 3,???
One Piece: Pirate Warriors 4,???
One Piece: Unlimited World Red,???
One Piece: Romance Dawn,???
Onimusha: Dawn of Dreams,Naoto Kuroshima
Oninaki,"Taiki (characters), Oga Takeshi (backgrounds), Morinaga Koji (monsters)"
Ori and the Will of the Wisps,"Leonid Koliagin, Leroy van Vliet, Vadim Shchepilov, Sarah Morris, Mikhail Rakhmatullin, Lina Kit"
Our World Is Ended,???
Outriders,"Iwo Widuliński, Maciej Janaszek, Adam Lee, Waldemar van Deurse"
Outward,Etienne Vanier
Overwatch,"Arnold Tsang, Ben Zhang, David Kang, John Polidora, Nick Carver, Peter Lee, Roman Kenney, Anh Dang, Stéphane Belin, Mathias Verhasselt, Fabio Zungrone, Charles Lee, Tae Young Choi, Qiu Fang"
Overwatch 2,"Arnold Tsang, Ben Zhang, Patrick Faulwetter, Andrew Menjivar, Junah Lee, Daryl Tan, Will Murai, Tim Guo, Kejun Wang, Al Crutchley"
Pandora Saga,???
Pandora's Tower,???
Panzer Dragoon Orta,"Takashi Iwade, Kentaro Yoshida, Koichiro Tamura, Masaharu Nakayama, Toru Watanuki"
Panzer Dragoon Saga,"Katsumi Yokota, Takashi Iwade, Kentaro Yoshida, Ryuta Ueda"
Paragon,Mark Van Haitsma
Parasite Eve,Tetsuya Nomura
Parasite Eve II,Tetsuya Nomura
Path of Exile,"Qingyi Li, Roman Kupriianov, Yong Yi Lee, Jowie Lim, Eunyoung Jeon, Tomas Honz, Campbell Crawford, Henry Christian-Slane, Jaan van Eeden"
Path of Exile 2,"Roman Kupriianov, Mike Franchina, Yong Yi Lee, Qingyi Li, Henry Christian-Slane, Max Bedulenko, Jowie Lim, Paul Shut"
Penny Blood,"Miyako Kato (character designer), Nobutaka Hanya (monster designer), Masato Watanabe (locations)"
Shin Megami Tensei: Persona 2 - Innocent Sin,Kazuma Kaneko
Shin Megami Tensei: Persona 3,"Shigenori Soejima, Masayuki Doi"
Persona 3: Dancing in Moonlight,Shigenori Soejima
Persona 4,Shigenori Soejima
Persona 4 Arena,Shigenori Soejima
Persona 4 Arena Ultimax,"Shigenori Soejima, Domerica"
Persona 4: Dancing All Night,"Shigenori Soejima, Masatoshi Kobayashi, Hanako Uchibe"
Persona 5,Shigenori Soejima
Persona 5: Dancing in Starlight,Shigenori Soejima
Persona 5 Royal,Shigenori Soejima
Persona 5 Strikers,Shigenori Soejima
Persona Q: Shadow of the Labyrinth,Shigenori Soejima
Phantasy Star Online,Akikazu Mizuno
Phantasy Star Universe,"Akikazu Mizuno, Masatoshi Yasumura"
Phantom Brave,Takehito Harada
Phoenix Wright: Ace Attorney,Tatsurou Iwamoto
Phoenix Wright: Ace Attorney - Dual Destinies,Takuro Fuse
Phoenix Wright: Ace Attorney Justice for All,Tatsurou Iwamoto
Phoenix Wright: Ace Attorney Trials & Tribulations,Tatsurou Iwamoto
Pikmin 3,???
PlayStation All-Stars Battle Royale,???
Pokémon Black and White,"Yusuke Ohmura, Ken Sugimori, Takao Unno, James Turner"
Pokémon Black and White Version 2,James Turner
Pokémon Brilliant Diamond and Shining Pearl,???
Pokémon Conquest,???
Pokémon Diamond and Pearl,"Ken Sugimori, Atsuko Nishida"
Pokémon GO,"Dennis Hwang, Yusuke Kozaki, Mieke Hutchins"
Pokémon HeartGold and SoulSilver,"Ken Sugimori, Takao Unno, Motoki Fujita, Kiyomi Itani, Sachiko Nakamichi, Yasuko Sugiyama, Atsuko Nishida"
Pokémon Legends: Arceus,???
"Pokémon: Let's Go, Pikachu! & Let's Go, Eevee!",Ken Sugimori (Pokémon designs)
Pokémon Mystery Dungeon: Blue Rescue Team,"Sakae Kimura, Fujiko Nomura, Kaoru Hasegawa, Kiyomo Oe, Satoshi Tajiri, Ken Sugimori"
Pokémon Omega Ruby and Alpha Sapphire,Ken Sugimori
Pokémon Platinum,"Ken Sugimori, Atsuko Nishida"
Pokémon Ranger: Shadows of Almia,Satoshi Tajiri (original artist)
Pokémon Scarlet and Violet,???
Pokémon Sun and Moon,James Turner
Pokémon Sword and Shield,???
Pokémon Ultra Sun and Ultra Moon,James Turner
Pokémon X and Y,"Ken Sugimori, Atsuko Nishida, James Turner"
PokéPark 2: Wonders Beyond,???
Pokkén Tournament,???
Power Stone Collection,Akira Yasuda / Akiman
Prince of Persia,"Patrick Lambert, Thierry 'BARoNTiERi' Doizon"
Prince of Persia: The Fallen King,???
Prince of Persia: The Sands of Time,"Khai Nguyen, David Giraud, Raphael Lacoste"
Prince of Persia: The Two Thrones,"Raphael Lacoste, David 'Vyle' Levy, Patrick Lambert"
Prince of Persia: Warrior Within,"Gilles Beloeil, Nicolas Bouvier, Khai Nguyen"
Priston Tale,???
Professor Layton and the Diabolical Box,Takuzo Nagano
Professor Layton vs. Phoenix Wright: Ace Attorney,Kazuya Nuri
Project Spark,"Jedd Chevrier, Ryan Johnson"
Project X Zone,???
Project X Zone 2,???
Project Zero 2: Wii Edition,???
Puyo Pop Fever,Hideyuki Takenami
Puzzle & Dragons,???
Radiata Stories,"Takeshi Jonoo, Hiroshi Konishi"
Rage,"Kenneth Scott, Nicolas Bouvier, Eliott Johnson Lilly, Ben Olson, Joey Struve"
Ragnarok Online,"Lee Myung-Jin, YOYO, GoGo, S.R."
Ratchet & Clank: All 4 One,"Dave Guertin, Greg Baldwin"
Ratchet & Clank Future: A Crack in Time,"Colin Geller, Darren Quach, Ricky Zhang, Dave Guertin, Greg Baldwin"
Ratchet & Clank: Rift Apart,"Dave Guertin, Darren Quach, Nicholas Schumaker, Anna Roan"
Ray Gigant,Kazama Raita (guest illustrator)
Rayman Origins,???
Real Bout Fatal Fury Special,Shinkiro (character designs)
Red Dead Redemption 2,???
Red Faction: Armageddon,???
Remember Me,"Aleksi Briclot, Paul Chadeisson, Gary Jamroz-Palma, Michel Koch, Frédéric Augis"
Remnant: From the Ashes,"Kyle Enochs, Natalya Glushenkova, Daniel Beaulieu, Galina Loky, Jeff Talbot, Dagger Crown Studio"
Resident Evil (2002 Remake),Kenichi Ueda (character & creature design)
Resident Evil 2,"Daichan, Kazuma, Ooishi"
Resident Evil 2 (2019 Remake),"Tomonori Takano, Tomoko Takahashi, Ward Lindhout"
Resident Evil 3 (2020 Remake),???
Resident Evil 4,"Masaki Yamanaka, Yuichi Akimoto, Yoshifumi Hattori, Yasuyo Kondo, Yoshinori Matsushita, Yusuke Kan"
Resident Evil 5,???
Resident Evil 6,???
Resident Evil 7: Biohazard,???
Resident Evil: Code Veronica,???
Resident Evil: Operation Raccoon City,"Alex Carigi, Darren Gough, Brandon Reimchen"
Resident Evil Outbreak,Yoshihiro Ono
Resident Evil: Revelations,Satoshi Takamatsu
Resident Evil: Revelations 2,???
Resident Evil: The Darkside Chronicles,???
Resident Evil: The Mercenaries 3D,???
Resident Evil: The Umbrella Chronicles,"Satoshi Ueda (CG artwork), Shinkiro (Illustrations)"
Resident Evil Village,"Tomonori Takano, Masaaki Kosaka, Kana Teraguchi, Isshin Sakurai, Mai Okura, Te-Yu Liu, Rintaro Komori"
Resident Evil Zero,???
Resonance of Fate,"Kenichi Kaneko, Masashi Nakagawa, Keiko Obayashi, Kuniomi Hara, Naruhiro Kishimoto"
Revolve8: Episodic Dueling,"Koji Igarashi, Ryota-H"
Rhapsody: A Musical Adventure,"Ryoji Nomura, Kaoru Maruyama"
Rift: Planes of Telara,"Darren Pattenden, John-Paul Balmet, Justin Sweet, Vance Kovacs, James Dickenson"
RiME,"Abel Oroz, José Luis Vaello Bertol, Shaun Mooney, Nicholas Kay, Sylvain Sarrailh, Peter Boehme"
Rise of the Tomb Raider,Yohann Schepacz
Rival Schools: United by Fate,"Edayan, Kinu Nishimura"
Rogue Galaxy,"Takeshi Majima, Keiji Nagao, Jiro Morinaga"
Romancing SaGa,Tomomi Kobayashi
ROSE Online,???
Ruined King: A League of Legends Story,"Joe Madureira, Hicham Habchi, Virginia Critchfield, Baldi Konijn, Grace Liu, Philip karlov, Dashiana"
Rumble Roses XX,???
Rune Factory: A Fantasy Harvest Moon,Minako Iwasaki
Rune Factory 2: A Fantasy Harvest Moon,Minako Iwasaki
Rune Factory 5,???
Rune Factory Frontier,Minako Iwasaki
Rune Factory: Tides of Destiny,???
Ryse: Son of Rome,"Kaija Rudkiewicz, Silver Saaremael, Ramon Contini, Floris Didden"
SaGa Frontier,Tomomi Kobayashi (characters)
SaGa Frontier Remastered,Tomomi Kobayashi
Saint Seiya: Brave Soldiers,???
Saint Seiya: Soldiers' Soul,???
Samurai Shodown,Eiji Shiroi
Samurai Shodown (2019),"Yumi Saji (characters), Eisuke Ogura (illustrations)"
Samurai Shodown V,Dorio Takaya
Samurai Shodown VI,"Takkun, Eriko Kawada, Chihiro Takahashi"
Samurai Shodown Sen,Senri Kita
Samurai Warriors,"Hiroyuki Suwahara, Toshiharu Suzuki"
Samurai Warriors 3,"Ayami Kojima (Mitsunari, Nobunaga, Nouhime, Ginchiyo, & Muneshige illustrations)"
Samurai Warriors 4,???
Samurai Warriors 5,???
Scribblenauts,Edison Yan
Secret of Mana (Remake),"HACCAN, Hiroo Isono"
The Secret World,"Olve Askim, Hongqi Zhang"
Sekiro: Shadows Die Twice,???
Sengoku Basara,Makoto Tsuchibayashi
Sengoku Basara 2,Makoto Tsuchibayashi
Sengoku Basara: Samurai Heroes,???
Senran Kagura: Peach Beach Splash,Senran Kagura: Peach Beach Splash Official Illustration Collection
Shadow Hearts: Covenant,Miyako Kato
Shadow Hearts: From The New World,Miyako Kato
Shadow of the Colossus,"Shunpei Suzuki, Hitoshi Niwa"
Shadow of the Colossus (2018),"Shunpei Suzuki, Hitoshi Niwa"
Shadow of the Tomb Raider,"Frédéric Bennett, Andy Park"
Shattered,"Alexandre Chaudret, Giorgio Grecu, Marvin Herbring, Derek Poole, Jeff Brown, Crystal Sully"
Shenmue 2,"Tetsunari Iwasaki, Takahito Minei, Yumiko Sonoyama, Rie Sakurai, Atsuo Takayasu, Takashi Yamaguchi"
Shining Force EXA,Pako
Shining Tears,Tony Taka
Shining Wind,Tony Taka
Shin Megami Tensei V,"Masayuki Doi, Kazuma Kaneko"
Shin Megami Tensei: Digital Devil Saga,Kazuma Kaneko (character designs)
Shin Megami Tensei Liberation Dx2,Tatsuro Iwamoto
Shovel Knight,"Erin Pellon, Nick Wozniak"
Silence: The Whispered World II,???
Silent Hill 3,Masahiro Ito
Silent Hill Homecoming,Kenzie Louis LaMar
SINoALICE,"Jino, Takuya Miura (character designs)Kimihiko Fujisaka (Drakengard 3 characters)"
Skies of Arcadia,Itsuki Hoshi
Sky: Children of the Light,"Tom Zhao, Tomé Costa"
Sly 3: Honor Among Thieves,"Travis Kotzebue, Jordan Kotzebue, Dev Madan"
Sly Cooper: Thieves in Time,Paul Sullivan
SNK Heroines: Tag Team Frenzy,Eisuke Ogura
SNK vs. Capcom: SVC Chaos,"Nona (character designs), Falcoon (box illustration), Shinkiro (poster art)"
Solatorobo: Red The Hunter,"Nobuteru Yuki, Yoshitake Taniguchi"
Sonic & All-Stars Racing Transformed,???
Sonic & Sega All-Stars Racing,"David Blewett, Steve Thomas, Andy Ritson"
Sonic Adventure,"Yuji Uekawa (initial concepts, finalized by other artists)"
Sonic Battle,"Yuji Uekawa, Hisanobu Kometani"
Sonic Boom,"Nicolas Weis, Armand Serrano, Sylvain Deboissy, Travis Ruiz, Jason Norton, Erwin Madrid, Travis Kohler, Yuhki Demers"
Sonic Chronicles: The Dark Brotherhood,Joel McMillan
Sonic Colors,???
Sonic Frontiers,"Yoshitaka Miura, Yuji Uekawa, Yui Karasuno"
Soulcalibur,???
Soulcalibur II,"Takuji Kawano, Aya Takemura"
Soulcalibur III,Takuji Kawano
Soulcalibur IV,"Takuji Kawano, Yutaka Izubuchi, Mine Yoshizaki, Hiroya Oku, Ito Ogure / Oh! great, Hideo Yoshie, Hirokazu Hisayuki"
Soulcalibur V,"Takuji Kawano, Mari Shimazaki"
Soulcalibur VI,"Takuji Kawano (characters), Junny (illustrations), Hiroaki Hashimoto (story art)"
Soulcalibur: Broken Destiny,???
Soulcalibur Legends,"Takuji Kawano, Masaya Fukasawa, Kenji Kimura, Satoko Nakayama, Shinichiro Ozawa"
Soul Hackers 2,Shirow Miwa
The Soulless: Bloody Nocturne of Astonishia,Limha Lekan / Maxx Soul
Soul Sacrifice,???
Spectral Force 3,???
Spectral Souls,Katsuyuki Hirano
Spectral Souls II,Katsuyuki Hirano
SpellForce 3,"Raphael Lübke, Vladimir Krisetskiy, Maxim Veherin, Moritz Lacusteanu"
Spider-Man (2018),"Dennis Chan, Julien Renoult"
Spider-Man: Shattered Dimensions,Roger Adams
Spyro Reignited Trilogy,"Nicholas Kole, Rob Duenas, Pedro Cardoso, Florian Coudray, Jakob Eirich, Johannes Figlhuber, Mario Manzanares, Devon Cady-Lee, Simon Kopp, Geraud Soulie, Sylvain Sarrailh, Didier Nguyen, Jeff Murchie"
StarCraft II: Wings of Liberty,"Glenn Rane, Wei Wang, Peter Lee, Samwise Didier"
Star Ocean: Till the End of Time,"Keiichi Asai, Jun Sato"
Star Ocean: Anamnesis,"Akiman, Kou Yoshinari, Kazama Raita, Kujou Ichiso, Amagaitaro, Enami Katsumi, PiKA, mot"
Star Ocean: First Departure R,Enami Katsumi
Star Ocean: Integrity and Faithlessness,Akiman (Akira Yasuda)
Star Ocean The Divine Force,"Akiman (Akira Yasuda), Yukihiro Kajimoto"
Star Ocean: The Last Hope,Katsumi Enami
Star Trek,"Thomas Pringle, Craig Sellars, Fernando Acosta"
Star Wars 1313,"Chris Ocampo, Dela Longfish, Gustavo Mendonca"
Star Wars Jedi: Fallen Order,"Jordan Lamarre-Wan, Jean-Francois Rey, Amy Fry, Bruno Werneck, Ziyong Prog Wang, George Rushing, Gabe Yeganyan, Theo Stylianides, Liam MacDonald, Gustavo Mendonça, José Daniel Cabrera Peña"
Star Wars: The Force Unleashed,"Greg Knight, Amy Beth Christenson"
Stella Deus: The Gate of Eternity,Shigenori Soejima
Stella Glow,"Ideolo, Masato Shakado, Eriko Fujiwara"
Story of Seasons: Trio of Towns,Igusa Matsuyama
Stranger of Paradise: Final Fantasy Origin,Yoshitaka Amano (logo) Tetsuya Nomura (character designs)
Stranger of Sword City,"Tsukamoto Yoko, Kazama Raita"
Street Fighter III,"Kinu Nishimura, Akiman, CRMK, Daigo Ikeno, Shoei"
Street Fighter III: 3rd Strike,Daigo Ikeno
Street Fighter III: Third Strike Online Edition,Stanley Lau / Artgerm
Street Fighter IV,Daigo Ikeno
Street Fighter V,"Bengus (story art/posters), Kit (concept art), Hinanana (tarot cards), Shinkiro (posters)"
Street Fighter 6,"Bengus, Tamio, Hiroaki Hashimoto"
Street Fighter Alpha 3,"Bengus / CRMK, Edayan, Daigo Ikeno, Hideki, Shoei"
Street Fighter: Duel,"Xin Wang, Sichong Zhang"
Street Fighter (series),"Shoei, Akiman, Kinu Nishimura, CRMK, Daigo Ikeno, Edayan, Hideki"
Street Fighter X Tekken,???
Streets of Rage 4,"Ben Fiquet, Julian Nguyen You"
Suikoden II,Ishikawa Fumi
Suikoden III,Ishikawa Fumi
Suikoden IV,Junko Kawano
Suikoden V,"Kaori Fujita, Kizaki Sub-zero, Mikisato, Riya Hozumi"
Suikoden Tierkreis,Masaki Hirooka
Sunset Overdrive,"Vaughan Ling, Vasili Zorin, ilovedust (logo & box art)"
Super Mario 3D Land,???
Super Mario 3D World,???
Super Mario Galaxy,"Kenta Motokura, Nanako Kinoshita, Kazuma Norisada, Yusuke Nakano, Shigehisa Nakaue, Ryusuke Yoshida, Yuri Adachi, Atsushi Mishima, Daisuke Watanabe"
Super Mario Galaxy 2,"Daisuke Watanabe, Nanako Kinoshita, Keisuke Okubo, Naruhisa Kawano, Daiki Nishioka"
Super Mario Odyssey,???
Super Puzzle Fighter II Turbo HD Remix,???
Super Robot Wars: Original Generation,???
Super Smash Bros. Brawl,???
Super Smash Bros. for 3DS and Wii U,"Ken Sugimori (guest art), Tetsuya Nomura (guest art), Yusuke Kozaki (guest art), Hideyuki Morioka (guest art)"
Super Smash Bros. Ultimate,???
Super Street Fighter IV,Daigo Ikeno
Sword Art Online: Hollow Fragment,???
Tactics Ogre: Let Us Cling Together,"Tsubasa Masao, Akihiko Yoshida"
Tales of Arise,"Minoru Iwamoto (characters), SWAV (DLC costumes)"
Tales of Destiny 2,Mutsumi Inomata
Tales of Eternia,Mutsumi Inomata
Tales of Graces,Mutsumi Inomata
Tales of Legendia,"Kazuto Nakazawa, Shinichiro Kobayashi, Takashi Kochiyama, Kazunobu Kawagoe, Kiyomi Yamazaki"
Tales of Symphonia,Kosuke Fujishima
Tales of the Abyss,Kosuke Fujishima
Tales of Vesperia,"Kosuke Fujishima, Minoru Iwamoto"
Tales of Xillia,"Kosuke Fujishima, Mutsumi Inomata, Daigo Okumura"
Tatsunoko vs. Capcom: Ultimate All-Stars,Shinkiro
Tekken 4,"Yoshinari Mizushima, Aya Takemura, Takuji Kawano, Kenji Kimura, Shoichi Shimizu"
Tekken 5,???
Tekken 5: Dark Resurrection,???
Tekken 6,???
Tekken 6: Bloodline Rebellion,"Mutsumi Inomata (alt costume), Masashi Kishimoto (alt costume), CLAMP (alt costume)"
Tekken 7,"Takuji Kawano, Mari Shimazaki, Yusuke Kozaki, Kenichirou Yoshimura, Ninnin"
Tekken 7: Fated Retribution,Takuji Kawano
Tekken 8,???
Tekken: Blood Vengeance,???
Tekken Mobile,???
Tekken Tag Tournament 2,"Mutsumi Inomata, Ito Oogure, Katsuya Terada, Simon Bisley, Ryouji Minagawa, Shigeto Koyama"
Tenchu: Fatal Shadows,???
TERA: The Exiled Realm of Arborea,"Kim Hyeong Seung, Yun-Jeong Kim, Seung-Jin Woo"
Terra Battle,"Kimihiko Fujisaka, Hideo Minaba, Nakaba Suzuki, Hitoshi Yoneda, Manabu Kusunoki, Yoshitaka Amano"
Terra Battle 2,"Kimihiko Fujisaka, Isamu Kamikokuryo, Sohei Kikuchi, Yusuke Naora, Miwa Komatsu, Max Berthelot, Takatoshi Goto, Yoshitomo Ikawa, Yu-ki Nishimoto"
The Order: 1886,Joey Studz
Thief,"Mathieu Latour-Duhaime, Sebastien Larroude, Arman Akopian, Nicolas Ferrand, Trong Nguyen, Joel Dos Reis Viegas"
Three Kingdoms Online,???
Time and Eternity,Vofan (Dai Yuanhong)
Titanfall,"Joel Emslie, Todd Sue, Paul Christopher, James Paick, Tu Bui, Jim Oxford, Iain McCaig, Manuel Plank-Jorge, Steve Burg, Harrison Fong, Matt Codd, Bruno Werneck"
Titanfall 2,Hethe Srodawa
Tokyo Mirage Sessions ♯FE,Toi8
Tomb Raider,"Andy Park, Brian Horton, Randy Green, Toby Gard, Camilla D'Errico, Long Vo, Jonathan Jacques-Belletête, Brenoch Adams, Sam Spratt"
Lara Croft Tomb Raider: Anniversary,"Christian Piccolo, Paul Sullivan"
Tom Clancy's Rainbow Six Siege,???
Tom Clancy's The Division,"Florian de Gesincourt, Lukas Esch"
Toukiden 2,???
Toukiden: Kiwami,Hidari (illustrations)
Toukiden: The Age of Demons,Hidari (illustrations)
Trauma Center: Second Opinion,Masayuki Doi
Travis Strikes Again: No More Heroes,"Boneface, Yuusuke Kozaki"
Trials of Mana (Remake),"HACCAN (illustration), Yoshiro Ambe (characters)"
Triangle Strategy,Naoki Ikushima
Trillion: God of Destruction,Kei Nanameda
Trine 2,Juhani Jokinen
Trinity 2,Jin Woo Park
Trouble Witches Neo!,???
Turok,"Daryl Mandryk, Chad Smith, Mike Mcartie"
Ultimate Ghosts'n Goblins,"Shin Yuasa, Makiko Nihari, Shinkiro, Shoei"
Ultimate Marvel vs. Capcom 3,"Shinkiro (posters), Tamio (characters), Bengus (poster art), Kinu Nishimura (poster art), Francesco Francavilla (poster art)"
Uncharted: Drake's Fortune,"Rich Diamant, Erwin Madrid, Kory Heinzen, Shaddy Safadi"
Uncharted 2: Among Thieves,"Shaddy Safadi, James Paick, Robh Ruppel"
Uncharted 3: Drake's Deception,"Robh Ruppel, Andrew Kim, Eytan Zana"
Uncharted 4: A Thief's End,"Eytan Zana (concept), Colin Thomas (modeling), Yibing Jiang (shading), Frank Tzeng (sculpting), Hyoung Nam, Nick Gindraux, John Sweeney"
Under Night In-Birth,Yoshihara Seiichi
Unlimited Saga,Yusuke Naora
Vagrant Story,"Akihiko Yoshida, Yoshinari Hirata"
Valdis Story: Abyssal City,"Carolina Moya, Kyron Ramsey"
Valkyria Chronicles,Raita Honjou
Valkyria Chronicles III: Unrecorded Chronicles,Raita Honjou
Valkyrie Anatomia: The Origin,"Kou Yoshinari, Kazama Raita, Nishiki Areku"
Valkyrie Elysium,Yuya Nagai (character designer)
Valkyrie Profile,"Kou Yoshinari, You Yoshinari"
Valkyrie Profile 2: Silmeria,"Kou Yoshinari, You Yoshinari, Shunya Yamashita"
Vambrace: Cold Soul,Minho Kim
Viewtiful Joe,Kumiko Suekane
Vindictus,"Kim Bum, Celder, Moonssang"
Virtua Fighter 5,???
Viva Piñata,???
Voice of Cards: The Isle Dragon Roars,Kimihiko Fujisaka
The Wagadu Chronicles,"Iga Oliwiak, Chaim Garcia, Victor Maristane, Mike Machira"
Wakfu,Gueuzav
Warframe,"Sean Bigham, Dejan Ostojic, Branislav Perkovic, Marco Hasmann, Nikita Leshakov, Liger Inuzuka, Eornheit, The Chomicki Brothers, Zeljko Duvnjak, Rosa Lee, Faven"
War of Genesis III,Hyung-tae Kim
The War of Genesis IV: Spiral Genesis,"Seunghee Lee, Lee Kyung Jin, Honey, Minho Kim, Choi Young, Kwon Yun Jeong"
War of the Visions: Final Fantasy Brave Exvius,"Ryoji Ohara (characters), Yoshitaka Amano (logo), Isamu Kamikokuryo (promo art)"
Warriors Orochi 3,???
Watch Dogs,"John Bigorgne (concept art), Fabien Troncal (CG art), Vincent Desilets (CG art), Alex Ross (poster)"
White Knight Chronicles,???
White Knight Chronicles II,???
Wild Arms 4,"Wakako Ooba, Masae Hanazawa"
Wild Arms 5,Tomomi Sasaki
Wild Arms Alter Code: F,Wakako Ooba
Wild Arms XF,Tomomi Sasaki
WildStar,"Cory Loftis, Andy Cotnam, Kory Hubbell, Ryan Metcalf, Andrew Trabbold, Garrett Hanna, Paul Poff, Mindy Lee, Max Gonzalez, Jordan Ewing, Johnson Truong"
The Witch and the Hundred Knight,"Takehito Harada, Guest Artists (Metallia illustrations)"
The Witcher 2: Assassins of Kings,"Artur Sadlos, Peter Jaworowski, Rafael Grassetti, Grant Warwick, Aleks Kirilenko, Bartlomiej Gawel, Pawel Mielniczuk (posters), Marian Chomiak (posters), Benedykt Szneider (posters)"
The Witcher 3: Wild Hunt,"Piotr Arendzikowski, Artur Sadlos, Pawel Mielniczuk, Yaroslav Grigorash, Pawel Swierczynski, Andrzej Dybowski"
The Wizard of Oz: Beyond the Yellow Brick Road,Hiroki Sato
Wizardry: Labyrinth of Lost Souls,Yuki Hayabusa
Wizardry: Town of Imprisoned Spirits,???
Wolfenstein: The New Order,Axel Torvenius
The World Ends with You,"Tetsuya Nomura, Gen Kobayashi"
The World Ends with You: Final Remix,"Tetsuya Nomura, Gen Kobayashi"
World of Final Fantasy,"Tetsuya Nomura (character designs), Yasuhisa Izumisawa (Lilikins)"
World of Warcraft: Battle for Azeroth,"Christopher Hayes, Kelvin Tan, Glenn Rane, Rob Sevilla, Matthew McKeown"
World of Warcraft: Cataclysm,"Mark Gibbons, Glenn ""Raneman"" Rane, Jimmy Lo, Justin Kunz, Phroilan Gardner"
World of Warcraft: Dragonflight,Bayard Wu
World of Warcraft: Legion,"Ryan Metcalf, Mark Abadier, Christopher Hayes, Jimmy Lo, Tyson Murphy, Rob Sevilla, Alex Garner, Glenn Rane"
World of Warcraft: Mists of Pandaria,"Mark Gibbons, Danny ""Danky"" Kim, Justin Kunz, Jimmy Lo, Glenn ""Raneman"" Rane"
World of Warcraft: Shadowlands,"Jimmy Lo, Chris Chang, Kelvin Tan, Cole Eastburn, Jon McConnell, Gabe Gonzalez, Matthew McKeown, Sarah Carmody, Thomas Yip, Lianna Tai, Ariel Fain, Kenny McBride, Mats Myrvold"
World of Warcraft: The Burning Crusade,"Glenn Rane, Wei Wang, Samwise Didier, Peter Lee, Jimmy Lo, Brian Huang, Trent Kaniuga, Justin Kunz, Justin Thavirat, Matt Milizia, Robert Sevilla, Ted Park, John Polidora, Kevin Maginnis"
World of Warcraft: Warlords of Draenor,"Samwise Didier, Jimmy Lo, Tony Washington, Chris Metzen, Ludo Lullabi"
World of Warcraft: Wrath of the Lich King,"Glenn Rane, Mark Gibbons, Wei Wang, Justin Kunz, Phroilan Gardner, Trent Kaniuga, Eddie Rainwater, Peter Lee, Graven Tung, David Luong"
XBlaze Code: Embryo,???
XBlaze Lost: Memories,???
Xenoblade Chronicles,"Yasuyuki Honne, Tonny Waiman Koo"
Xenoblade Chronicles 2,"Masatsugu Saito (Saitom), Kunihiko Tanaka, Tetsuya Nomura, Guest Artists"
Xenoblade Chronicles 3,"Masatsugu Saito (Saitom), Koichi Mugitani (CHOCO)"
Xenoblade Chronicles X,"Norihiro Takami, Kunihiko Tanaka, Takayuki Yanase, Koichi Mugitani (CHOCO), Yoko Tsukamoto"
Xenogears,"Kunihiko Tanaka, Junya Ishigaki, Tsutomu Terada, Tadahiro Usuda, Yoshinori Ogura, Yasuyuki Honne"
Xenosaga Episode I: Der Wille zur Macht,"Kunihiko Tanaka, Koichi Mugitani (CHOCO)"
Xenosaga Episode II: Jenseits von Gut und Böse,"Kunihiko Tanaka, Koichi Mugitani (CHOCO)"
Xenosaga Episode III: Also sprach Zarathustra,Koichi Mugitani (CHOCO)
X-Men Origins: Wolverine,Nick Choles
Yaiba: Ninja Gaiden Z,"Keron Grant (ink concepts), Kazuya Tsurumaki (Nuigurumaa), Shigeto Koyama (Nuigurumaa)"
Yakuza,???
Yakuza 5,???
Yggdra Union: We'll Never Fight Alone,"Satoko Kiyuduki (characters), Sunaho Tobe (cards)"
Yoshi's Island DS,"Yasuhisa Nakagawa, Masanori Sato, Yu Kitai, Yoshitomo Kitamura"
Yoshi's New Island,"Sachiko Nakamichi, Hisayo Osanai, Shiori Adachi, Rusuke Yoshida, Naoko Ayabe"
Youkai Watch,???
Ys: Memories of Celceta,???
Ys: The Ark of Napishtim,Shunsuke Taue
Ys VIII: Lacrimosa of Dana,???
Zack & Wiki: Quest for Barbaros' Treasure,???
ZerA Imperan Intrigue,"Dong-hwan Go, Jong-taek Ryu, Woon-seok Shin, Joyub Lee, Yunhwa Jeong"
Zombie Playground,Jason Chan
Zone of the Enders: The 2nd Runner,"Tsubasa Masao, Yoji Shinkawa, Kazuma Kaneko"

